timestamp,theta,distance_mm,quality,x,y
2025-04-29T17:40:39.681476,17.94,1750.0,47,1664.9142940513234,539.0365418629644
2025-04-29T17:40:39.681483,18.05,1747.0,47,1661.0239910316984,541.3024119816278
2025-04-29T17:40:39.681486,18.17,1744.0,47,1657.0362413295913,543.8445503269293
2025-04-29T17:40:39.681490,18.4,1740.0,47,1651.044260261424,549.2293242879582
2025-04-29T17:40:39.681496,18.51,1733.0,47,1643.348895711343,550.1757964181169
2025-04-29T17:40:39.681513,19.22,1563.0,47,1475.8807504292363,514.5337797583694
2025-04-29T17:40:39.681520,19.32,1563.0,47,1474.9804721338514,517.108892617214
2025-04-29T17:40:39.681523,19.43,1563.0,47,1473.9849766464235,519.9396971001945
2025-04-29T17:40:39.681527,19.56,1561.0,47,1470.9168950210194,522.6131341075571
2025-04-29T17:40:39.681531,19.67,1558.0,47,1467.0858988886982,524.4263201651307
2025-04-29T17:40:39.681534,19.79,1555.0,47,1463.1615064702796,526.482104143742
2025-04-29T17:40:39.681537,19.9,1550.0,47,1457.4465968661493,527.5883028302277
2025-04-29T17:40:39.681541,20.03,1543.0,47,1449.6691926403334,528.4961985762283
2025-04-29T17:40:39.681544,20.14,1539.0,47,1444.896465341221,529.9011270458341
2025-04-29T17:40:39.681548,20.25,1539.0,47,1443.8764659847031,532.6741508422617
2025-04-29T17:40:39.681551,20.37,1541.0,47,1444.6325986391325,536.3931906252604
2025-04-29T17:40:39.681554,20.48,1544.0,47,1446.410519042096,540.2153370688158
2025-04-29T17:40:39.681558,20.71,1552.0,47,1451.7133662024985,548.8463376838829
2025-04-29T17:40:39.681741,26.91,605.0,47,539.4897235180377,273.817162023185
2025-04-29T17:40:39.681764,27.02,598.0,47,532.7271024024433,271.6722922307256
2025-04-29T17:40:39.681768,27.14,590.0,47,525.0377888404121,269.1381063498272
2025-04-29T17:40:39.681827,29.2,663.0,47,578.7473372298838,323.45095400897975
2025-04-29T17:40:39.681834,29.31,668.0,47,582.4852089939557,327.0091455957583
2025-04-29T17:40:39.681926,32.53,672.0,47,566.5699205365291,361.362041646921
2025-04-29T17:40:39.681943,33.09,665.0,47,557.1463210612657,363.0605692276388
2025-04-29T17:40:39.681957,33.22,655.0,47,547.9553980946041,358.8452057628525
2025-04-29T17:40:39.681964,33.56,650.0,47,541.6497956248273,359.3264517115081
2025-04-29T17:40:39.681970,33.67,644.0,47,535.9654734158124,357.03922936585565
2025-04-29T17:40:39.682011,35.17,641.0,47,523.9832741664247,369.2188082883012
2025-04-29T17:40:39.682042,36.2,662.0,47,534.2077266391968,390.9809519643906
2025-04-29T17:40:39.682049,36.31,684.0,47,551.1842618206235,405.033220268726
2025-04-29T17:40:39.682053,36.44,687.0,47,552.677290576505,408.0647160451556
2025-04-29T17:40:39.682059,36.78,688.0,47,551.0470095399618,411.935909186205
2025-04-29T17:40:39.682111,38.5,761.0,47,595.564807364687,473.73363848122847
2025-04-29T17:40:39.682165,40.31,741.0,47,565.0535750882519,479.36985437132483
2025-04-29T17:40:39.682223,42.34,533.0,47,393.9728467935092,358.99080209584497
2025-04-29T17:40:39.682230,42.47,535.0,47,394.6325710552747,361.23418147000365
2025-04-29T17:40:39.682237,42.58,537.0,47,395.4109909902011,363.3443933847708
2025-04-29T17:40:39.682263,43.59,549.0,47,397.6364242361088,378.53173462831535
2025-04-29T17:40:39.682274,43.82,561.0,47,404.771923708486,388.43363625892596
2025-04-29T17:40:39.682281,44.06,560.0,47,402.42269844279923,389.43031697341684
2025-04-29T17:40:39.682330,45.78,696.0,47,485.4010553331262,498.800376384669
2025-04-29T17:40:39.682343,46.23,696.0,47,481.468555701981,502.5972839861437
2025-04-29T17:40:39.682572,53.78,571.0,47,337.3966562483469,460.6565926505718
2025-04-29T17:40:39.682637,55.96,417.0,47,233.42473408250876,345.545790769487
2025-04-29T17:40:39.682706,58.36,555.0,47,291.14211967052273,472.5053080693962
2025-04-29T17:40:39.682719,58.48,555.0,47,290.15186904504725,473.11403793342015
2025-04-29T17:40:39.683089,70.43,44.0,47,14.738163601083798,41.4582504897118
2025-04-29T17:40:39.683096,70.54,44.0,47,14.658542361456643,41.48646931033516
2025-04-29T17:40:39.683107,71.0,42.0,47,13.673862487200584,39.711780175171306
2025-04-29T17:40:39.683117,71.23,38.0,47,12.227259493997986,35.97907899413819
2025-04-29T17:40:39.683124,71.34,37.0,47,11.838210494472321,35.05505344866223
2025-04-29T17:40:39.683128,71.45,36.0,47,11.452755743542767,34.12967016949839
2025-04-29T17:40:39.683135,71.58,37.0,47,11.691268803109008,35.10433354692053
2025-04-29T17:40:39.683138,71.8,36.0,47,11.244057066440373,34.19899385488749
2025-04-29T17:40:39.683145,72.14,38.0,47,11.65430377986089,36.168732399777575
2025-04-29T17:40:39.683148,72.26,40.0,47,12.187922798425856,38.09795975980356
2025-04-29T17:40:39.683155,72.37,39.0,47,11.81188861109391,37.16825644873741
2025-04-29T17:40:39.683162,72.48,39.0,47,11.740508956640891,37.19086513431807
2025-04-29T17:40:39.683165,72.61,39.0,47,11.656095412509652,37.21740775140675
2025-04-29T17:40:39.683169,72.72,39.0,47,11.584621681504359,37.239717245119074
2025-04-29T17:40:39.683172,72.95,39.0,47,11.435038938263085,37.285920727271936
2025-04-29T17:40:39.683179,73.3,42.0,47,12.069141833687908,40.228544783503224
2025-04-29T17:40:39.683182,73.41,44.0,47,12.562928585342698,42.16838656339106
2025-04-29T17:40:39.683190,73.52,44.0,47,12.481947991980919,42.192427926412144
2025-04-29T17:40:39.683196,73.64,45.0,47,12.675224726808148,43.17798835199379
2025-04-29T17:40:39.683200,73.86,46.0,47,12.787325458437005,44.18692462278869
2025-04-29T17:40:39.683207,74.2,46.0,47,12.52489136386642,44.262027702347126
2025-04-29T17:40:39.683214,74.43,49.0,47,13.152358178699538,47.201858801737835
2025-04-29T17:40:39.683224,74.89,49.0,47,12.772977560390935,47.305930328466744
2025-04-29T17:40:39.683231,75.01,45.0,47,11.639270488560717,43.46869428098939
2025-04-29T17:40:39.683242,75.34,47.0,47,11.894882318393822,45.469899654953736
2025-04-29T17:40:39.683245,75.47,49.0,47,12.29345764081268,47.43280404143892
2025-04-29T17:40:39.683252,75.57,49.0,47,12.210653098443085,47.45418791750084
2025-04-29T17:40:39.683259,75.81,51.0,47,12.502047282544591,49.44389561659781
2025-04-29T17:40:39.683263,75.92,52.0,47,12.650375283063921,50.43776368156746
2025-04-29T17:40:39.683266,76.03,52.0,47,12.553518473938281,50.46195769016983
2025-04-29T17:40:39.683273,76.15,52.0,47,12.447803741223975,50.488139023140576
2025-04-29T17:40:39.683277,76.26,52.0,47,12.350850591770957,50.511944029702036
2025-04-29T17:40:39.683281,76.37,52.0,47,12.253851918692614,50.53556285582217
2025-04-29T17:40:39.683284,76.61,55.0,47,12.736796520014023,53.50489710678602
2025-04-29T17:40:39.683288,76.84,54.0,47,12.29424092403249,52.58185656765882
2025-04-29T17:40:39.683295,76.95,52.0,47,11.741665877193386,50.65701612243217
2025-04-29T17:40:39.683298,77.06,53.0,47,11.868320381791422,51.65407022989722
2025-04-29T17:40:39.683305,77.18,54.0,47,11.981999274498449,52.65388583367726
2025-04-29T17:40:39.683308,77.29,54.0,47,11.880889050660045,52.676792569080234
2025-04-29T17:40:39.683312,77.4,55.0,47,11.997878276809837,53.67542190663111
2025-04-29T17:40:39.683315,77.74,61.0,47,12.953241903579727,59.60883763492915
2025-04-29T17:40:39.683323,77.98,65.0,47,13.536452544432136,63.57487280767722
2025-04-29T17:40:39.683329,78.09,65.0,47,13.414372678888803,63.60074375061885
2025-04-29T17:40:39.683333,78.22,67.0,47,13.678341464246332,65.58889368473507
2025-04-29T17:40:39.683340,78.33,69.0,47,13.956943792515572,67.5736910341041
2025-04-29T17:40:39.683343,78.44,70.0,47,14.027579976549054,68.58007728197396
2025-04-29T17:40:39.683347,78.56,70.0,47,13.883915537661629,68.60930614241101
2025-04-29T17:40:39.683350,78.67,70.0,47,13.752169619561254,68.63583488786901
2025-04-29T17:40:39.683354,78.78,70.0,47,13.620373012756312,68.66211065058647
2025-04-29T17:40:39.683357,78.9,70.0,47,13.476537656813521,68.69048647945716
2025-04-29T17:40:39.683360,79.01,71.0,47,13.53527430072859,69.69789343734885
2025-04-29T17:40:39.683364,79.12,71.0,47,13.401439088861055,69.7237508338984
2025-04-29T17:40:39.683367,79.23,71.0,47,13.267554481035939,69.74935123779105
2025-04-29T17:40:39.683371,79.35,72.0,47,13.306251842583515,70.75976018827185
2025-04-29T17:40:39.683374,79.46,72.0,47,13.170378416229488,70.78517593658518
2025-04-29T17:40:39.683377,79.59,72.0,47,13.009738183644115,70.8148763494863
2025-04-29T17:40:39.683381,79.81,70.0,47,12.383907415941133,68.89585500676654
2025-04-29T17:40:39.683394,80.5,61.0,47,10.067903957501333,60.16342169377112
2025-04-29T17:40:39.683408,80.95,57.0,47,8.965890584357213,56.290432633168976
2025-04-29T17:40:39.683415,81.07,61.0,47,9.468887238315956,60.26060217478794
2025-04-29T17:40:39.683419,81.18,62.0,47,9.506508591691547,61.26684498483739
2025-04-29T17:40:39.683429,81.42,64.0,47,9.5481723682251,63.28374518331435
2025-04-29T17:40:39.683432,81.53,66.0,47,9.721241864187125,65.28014596045244
2025-04-29T17:40:39.683436,81.64,67.0,47,9.741287493054411,66.28806316357162
2025-04-29T17:40:39.683443,81.87,68.0,47,9.616531968662901,67.31658274820317
2025-04-29T17:40:39.683446,81.98,68.0,47,9.487275764297811,67.33492109278934
2025-04-29T17:40:39.683449,82.11,69.0,47,9.471745052709153,68.34680713578712
2025-04-29T17:40:39.683453,82.22,69.0,47,9.340511227556208,68.36486561098395
2025-04-29T17:40:39.683460,82.33,69.0,47,9.209242974496421,68.3826721021977
2025-04-29T17:40:39.683463,82.45,69.0,47,9.06600254754017,68.40180990155154
2025-04-29T17:40:39.683467,82.56,69.0,47,8.934663872479438,68.41908930617106
2025-04-29T17:40:39.683470,82.67,69.0,47,8.803292265412347,68.436116526946
2025-04-29T17:40:39.683473,82.79,69.0,47,8.659940795145678,68.45440398852782
2025-04-29T17:40:39.683477,82.9,69.0,47,8.52850189509399,68.47090371409872
2025-04-29T17:40:39.683480,83.01,69.0,47,8.397031560096046,68.48715106484391
2025-04-29T17:40:39.683484,83.14,70.0,47,8.361061396990955,69.49886799305257
2025-04-29T17:40:39.683487,83.25,70.0,47,8.22761782204864,69.51479198684484
2025-04-29T17:40:39.683490,83.36,70.0,47,8.094143921179509,69.53045975817528
2025-04-29T17:40:39.683500,83.48,69.0,47,7.834951991951574,68.55372730409204
2025-04-29T17:40:39.683505,83.59,69.0,47,7.703323925340773,68.56864298278968
2025-04-29T17:40:39.683508,83.81,67.0,47,7.224331413071888,66.60937648435169
2025-04-29T17:40:39.683511,83.94,65.0,47,6.862041332679535,64.63677272844458
2025-04-29T17:40:39.683515,84.05,66.0,47,6.841595606898048,65.64444050756829
2025-04-29T17:40:39.683518,84.17,67.0,47,6.805672509047511,66.65345318660988
2025-04-29T17:40:39.683525,84.28,68.0,47,6.777361685099396,67.66141713406058
2025-04-29T17:40:39.683529,84.39,69.0,47,6.74520527727332,68.66951438424073
2025-04-29T17:40:39.683532,84.51,70.0,47,6.697041515574072,69.67890380121287
2025-04-29T17:40:39.683535,84.62,72.0,47,6.750776945402382,71.68282228423644
2025-04-29T17:40:39.683539,84.73,74.0,47,6.796841878595964,73.68719658446346
2025-04-29T17:40:39.683542,84.86,75.0,47,6.719223224251149,74.69840720699929
2025-04-29T17:40:39.683545,84.97,75.0,47,6.57580028256619,74.71116951730713
2025-04-29T17:40:39.683549,85.08,74.0,47,6.346588395294032,73.72734103262317
2025-04-29T17:40:39.683552,85.2,73.0,47,6.108482563259027,72.74397872521382
2025-04-29T17:40:39.683556,85.31,72.0,47,5.887048416800025,71.75892042762526
2025-04-29T17:40:39.683559,85.42,71.0,47,5.669419436797192,70.7732836828253
2025-04-29T17:40:39.683563,85.55,71.0,47,5.508825494445692,70.78596500487753
2025-04-29T17:40:39.683566,85.65,70.0,47,5.309423445038582,69.79835257856216
2025-04-29T17:40:39.683570,85.76,70.0,47,5.17541052529094,69.8084172997405
2025-04-29T17:40:39.683573,85.89,69.0,47,4.945335535527043,68.82255194658981
2025-04-29T17:40:39.683576,86.0,69.0,47,4.813196688344641,68.83191946792788
2025-04-29T17:40:39.683580,86.11,68.0,47,4.613198939472085,67.84333714923562
2025-04-29T17:40:39.683583,86.23,68.0,47,4.471098172422893,67.85285020640295
2025-04-29T17:40:39.683587,86.34,68.0,47,4.340821891779526,67.86130904502099
2025-04-29T17:40:39.683590,86.45,68.0,47,4.210529611432518,67.8695177556998
2025-04-29T17:40:39.683594,86.58,68.0,47,4.056527854531616,67.8788964389184
2025-04-29T17:40:39.683597,86.68,69.0,47,3.9959632231679114,68.88419468876072
2025-04-29T17:40:39.683601,86.81,70.0,47,3.895307034963909,69.89153441657552
2025-04-29T17:40:39.683604,87.03,68.0,47,3.523288616592228,67.90866246160493
2025-04-29T17:40:39.683607,87.15,68.0,47,3.381053423068724,67.91589267432444
2025-04-29T17:40:39.683611,87.26,69.0,47,3.2984619143921887,68.92111540739387
2025-04-29T17:40:39.683614,87.37,71.0,47,3.2579089574549167,70.92521434035244
2025-04-29T17:40:39.683621,87.5,72.0,47,3.1405958903041924,71.93147195389376
2025-04-29T17:40:39.683625,87.6,71.0,47,2.9731714147731823,70.93772093701895
2025-04-29T17:40:39.683628,87.71,70.0,47,2.79701797211067,69.94409689504677
2025-04-29T17:40:39.683632,87.95,70.0,47,2.5040131427744754,69.95519936488505
2025-04-29T17:40:39.683635,88.06,70.0,47,2.3697042691874826,69.95987779918283
2025-04-29T17:40:39.683639,88.19,70.0,47,2.2109643781796318,69.96507440515175
2025-04-29T17:40:39.683645,88.4,67.0,47,1.870749794479107,66.97387770770374
2025-04-29T17:40:39.683649,88.64,66.0,47,1.5664604309654464,65.9814080004225
2025-04-29T17:40:39.683656,88.87,67.0,47,1.321303115803399,66.98697006191702
2025-04-29T17:40:39.683659,88.98,67.0,47,1.1926950095452116,66.98938332761547
2025-04-29T17:40:39.683666,89.1,67.0,47,1.0523902598919983,66.99173437627125
2025-04-29T17:40:39.683669,89.21,68.0,47,0.9375611666162985,67.99353630352559
2025-04-29T17:40:39.683676,89.45,69.0,47,0.6623422789056033,68.99682096086438
2025-04-29T17:40:39.683679,89.58,71.0,47,0.5204525218717048,70.99809243333569
2025-04-29T17:40:39.683683,89.69,71.0,47,0.38414509413067643,70.99896078497667
2025-04-29T17:40:39.683689,89.92,75.0,47,0.10471972109356878,74.99992689183114
2025-04-29T17:40:39.683731,90.03,79.0,47,-0.04136430138221513,78.99998917085098
2025-04-29T17:40:39.683736,90.15,79.0,47,-0.20682128010602135,78.9997292714228
2025-04-29T17:40:39.683757,90.26,78.0,47,-0.35395155753167806,77.99919690801259
2025-04-29T17:40:39.683765,90.39,77.0,47,-0.5241183270832548,76.99821621296961
2025-04-29T17:40:39.683768,90.5,76.0,47,-0.6632166978764238,75.99710615287702
2025-04-29T17:40:39.683771,90.62,75.0,47,-0.8115622636557609,74.99560898274119
2025-04-29T17:40:39.683775,90.73,75.0,47,-0.9555419126916186,74.99391268398449
2025-04-29T17:40:39.683778,90.97,78.0,47,-1.32045303311202,77.98882230029727
2025-04-29T17:40:39.683781,91.2,77.0,47,-1.6125663310184832,76.9831126275631
2025-04-29T17:40:39.683788,91.43,73.0,47,-1.8217600596616454,72.97726488629881
2025-04-29T17:40:39.683798,91.91,72.0,47,-2.399732269375522,71.95999781152942
2025-04-29T17:40:39.683802,92.01,71.0,47,-2.4902485169911177,70.95631516872633
2025-04-29T17:40:39.683942,96.86,438.0,47,-52.31635559831487,434.86434544224323
2025-04-29T17:40:39.683949,96.97,438.0,47,-53.15113827882963,434.7631038849372
2025-04-29T17:40:39.683956,97.09,437.0,47,-53.93815847489862,433.6584774454856
2025-04-29T17:40:39.683963,97.2,437.0,47,-54.77062306760101,433.55412447442677
2025-04-29T17:40:39.683967,97.31,436.0,47,-55.47564805802244,432.4563012288553
2025-04-29T17:40:39.683970,97.43,435.0,47,-56.25194526677759,431.3475613165136
2025-04-29T17:40:39.683973,97.54,434.0,47,-56.948750638133816,430.24741696000416
2025-04-29T17:40:39.683977,97.65,433.0,47,-57.6415395819972,429.14619060946706
2025-04-29T17:40:39.683981,97.78,433.0,47,-58.61509219611353,429.0143015877689
2025-04-29T17:40:39.683984,97.89,433.0,47,-59.43863199743574,428.9009781129829
2025-04-29T17:40:39.683988,98.01,433.0,47,-60.33678908522542,428.77554953948226
2025-04-29T17:40:39.683991,98.12,432.0,47,-61.01862053603037,427.6689466723998
2025-04-29T17:40:39.683994,98.23,431.0,47,-61.69642585362308,426.56130982179855
2025-04-29T17:40:39.683998,98.36,430.0,47,-62.5187107763193,425.4308531393403
2025-04-29T17:40:39.684001,98.46,430.0,47,-63.26113209061401,425.32108949194355
2025-04-29T17:40:39.684005,98.57,430.0,47,-64.07757287572812,425.1988530727191
2025-04-29T17:40:39.684008,98.7,430.0,47,-65.04215270630426,425.0523713277339
2025-04-29T17:40:39.684011,98.81,430.0,47,-65.85807430759051,424.92671609172316
2025-04-29T17:40:39.684015,98.94,429.0,47,-66.66663202179072,423.78834360429397
2025-04-29T17:40:39.684018,99.04,428.0,47,-67.24905633655585,422.68376408592127
2025-04-29T17:40:39.684022,99.15,427.0,47,-67.9014067859765,421.56660085505507
2025-04-29T17:40:39.684025,99.28,428.0,47,-69.0189947957888,422.39836452971605
2025-04-29T17:40:39.684029,99.39,429.0,47,-69.99296751430447,423.25167985318325
2025-04-29T17:40:39.684033,99.5,426.0,47,-70.31028009664871,420.1576662548606
2025-04-29T17:40:39.684036,99.62,420.0,47,-70.18742391954295,414.09386076533224
2025-04-29T17:40:39.684040,99.73,416.0,47,-70.30627534310786,410.01588706704905
2025-04-29T17:40:39.684043,99.85,415.0,47,-70.99378641735753,408.88247980333745
2025-04-29T17:40:39.684047,99.96,415.0,47,-71.7786531060944,408.7454280579478
2025-04-29T17:40:39.684114,102.62,226.0,47,-49.377358532964685,220.53996568492312
2025-04-29T17:40:39.684121,102.73,225.0,47,-49.580316649399585,219.46934228029497
2025-04-29T17:40:39.684128,102.84,224.0,47,-49.7793466803128,218.3987560497569
2025-04-29T17:40:39.684135,102.95,225.0,47,-50.4226508644379,219.27735012947187
2025-04-29T17:40:39.684138,103.07,225.0,47,-50.88179334765528,219.17126432478895
2025-04-29T17:40:39.684142,103.18,224.0,47,-51.074466924984165,218.09951588283892
2025-04-29T17:40:39.684145,103.42,229.0,47,-53.1480265555282,222.74713751977347
2025-04-29T17:40:39.684148,103.53,233.0,47,-54.51139000300385,226.53368040964773
2025-04-29T17:40:39.684155,103.76,237.0,47,-56.37173451107726,230.19823532818972
2025-04-29T17:40:39.684189,105.25,331.0,47,-87.06333198558967,319.3446041873371
2025-04-29T17:40:39.684196,105.36,331.0,47,-87.67626878398039,319.17686616062764
2025-04-29T17:40:39.684220,106.28,350.0,47,-98.11607980227811,335.96612163168027
2025-04-29T17:40:39.684227,106.39,375.0,47,-105.81525775097211,359.7612141783705
2025-04-29T17:40:39.684234,106.51,383.0,47,-108.84196873429923,367.20896754033913
2025-04-29T17:40:39.684241,106.62,386.0,47,-110.40482692350031,369.8739977235382
2025-04-29T17:40:39.684248,106.73,384.0,47,-110.53900612668666,367.74601034480895
2025-04-29T17:40:39.684251,106.84,383.0,47,-110.95512357131656,366.57599560428645
2025-04-29T17:40:39.684255,106.97,381.0,47,-111.20282991874204,364.4103876374318
2025-04-29T17:40:39.684258,107.07,378.0,47,-110.95805683487154,361.3479066266047
2025-04-29T17:40:39.684262,107.31,375.0,47,-111.57806502857423,358.0158312204633
2025-04-29T17:40:39.684265,107.42,374.0,47,-111.96582616168521,356.8468211599079
2025-04-29T17:40:39.684268,107.55,374.0,47,-112.77519701924138,356.59186044730643
2025-04-29T17:40:39.684272,107.66,371.0,47,-112.54949227578429,353.5160700568832
2025-04-29T17:40:39.684279,107.89,366.0,47,-112.43173345458096,348.3031801640606
2025-04-29T17:40:39.684282,108.0,366.0,47,-113.10021994123073,348.08668496402623
2025-04-29T17:40:39.684285,108.12,368.0,47,-114.45101880655486,349.74985960560673
2025-04-29T17:40:39.684289,108.23,367.0,47,-114.80944671535123,348.57967660911464
2025-04-29T17:40:39.684303,108.34,367.0,47,-115.47845965477133,348.358616020562
2025-04-29T17:40:39.684307,108.47,367.0,47,-116.26856236073206,348.0957072509923
2025-04-29T17:40:39.684310,108.58,366.0,47,-116.61801500091576,346.9239665650763
2025-04-29T17:40:39.684314,108.68,365.0,47,-116.9030512889243,345.7725793051542
2025-04-29T17:40:39.684317,108.81,364.0,47,-117.36485189002788,344.55985189924814
2025-04-29T17:40:39.684321,108.92,363.0,47,-117.70189497077679,343.38792046356
2025-04-29T17:40:39.684324,109.04,361.0,47,-117.76836993167036,341.25007112620096
2025-04-29T17:40:39.684327,109.15,358.0,47,-117.43917840098756,338.1893543216596
2025-04-29T17:40:39.684331,109.26,356.0,47,-117.42852768975168,336.0752012342137
2025-04-29T17:40:39.684334,109.39,355.0,47,-117.85875871261956,334.8646189054922
2025-04-29T17:40:39.684337,109.5,356.0,47,-118.83524188722248,335.5803708288155
2025-04-29T17:40:39.684341,109.73,361.0,47,-121.86932757106291,339.80710262938436
2025-04-29T17:40:39.684344,109.84,363.0,47,-123.20027476961882,341.4537923302221
2025-04-29T17:40:39.684348,109.97,361.0,47,-123.29163491583049,339.2936379594842
2025-04-29T17:40:39.684351,110.08,358.0,47,-122.91280871593824,336.2386673979648
2025-04-29T17:40:39.684398,112.03,257.0,47,-96.39864769423984,238.23580906891775
2025-04-29T17:40:39.684405,112.14,256.0,47,-96.47897866551361,237.12403226088108
2025-04-29T17:40:39.684412,112.25,255.0,47,-96.55539742487039,236.01282852447943
2025-04-29T17:40:39.684419,112.36,252.0,47,-95.86705681810089,233.05258508979261
2025-04-29T17:40:39.684426,112.47,250.0,47,-95.5499094344383,231.01994460883813
2025-04-29T17:40:39.684429,112.58,250.0,47,-95.99325952355122,230.83607630967077
2025-04-29T17:40:39.684433,112.69,250.0,47,-96.43625579402256,230.65135717881623
2025-04-29T17:40:39.684436,112.8,251.0,47,-97.26641219947781,231.38765104871365
2025-04-29T17:40:39.684439,112.9,253.0,47,-98.44835938547222,233.05990760812745
2025-04-29T17:40:39.684443,113.01,256.0,47,-100.0682959211561,235.6317808603838
2025-04-29T17:40:39.684446,113.12,257.0,47,-100.91314993869253,236.35891387771048
2025-04-29T17:40:39.684450,113.23,258.0,47,-101.761163336277,237.08366800867486
2025-04-29T17:40:39.684493,114.67,396.0,47,-165.28696381815715,359.85583167676356
2025-04-29T17:40:39.684500,114.78,396.0,47,-165.97753238112284,359.5378404906406
2025-04-29T17:40:39.684507,114.89,399.0,47,-167.930121666271,361.9398765501688
2025-04-29T17:40:39.684513,115.0,403.0,47,-170.31515948150184,365.24203817576995
2025-04-29T17:40:39.684523,115.32,405.0,47,-173.2077357839162,366.0929940119164
2025-04-29T17:40:39.684527,115.43,409.0,47,-175.62789647346898,369.37222686648283
2025-04-29T17:40:39.684530,115.54,414.0,47,-178.49242171095324,373.5457875438555
2025-04-29T17:40:39.684534,115.65,417.0,47,-180.50786649401263,375.90678383580644
2025-04-29T17:40:39.684541,115.76,421.0,47,-182.96763241201455,379.1620306538379
2025-04-29T17:40:39.684547,115.87,426.0,47,-185.87688721490096,383.30899128418446
2025-04-29T17:40:39.684551,115.98,429.0,47,-187.92661678372588,385.6482681203465
2025-04-29T17:40:39.684554,116.09,429.0,47,-188.6666615160528,385.2867644137119
2025-04-29T17:40:39.684558,116.21,429.0,47,-189.4731898463763,384.8907771426058
2025-04-29T17:40:39.684561,116.32,433.0,47,-191.98531383757586,388.1116324856645
2025-04-29T17:40:39.684564,116.43,439.0,47,-195.40070507792612,393.11520506722877
2025-04-29T17:40:39.684611,118.72,695.0,47,-333.96810671639025,609.5000440494404
2025-04-29T17:40:39.684618,118.83,695.0,47,-335.13764659766446,608.8577484379903
2025-04-29T17:40:39.684625,118.95,696.0,47,-336.8961454990012,609.0295453817621
2025-04-29T17:40:39.684631,119.06,697.0,47,-338.55050194591684,609.2557407461728
2025-04-29T17:40:39.684638,119.17,697.0,47,-339.7195643537515,608.6046480230801
2025-04-29T17:40:39.684645,119.3,698.0,47,-341.5889513206947,608.7043521576201
2025-04-29T17:40:39.684652,119.4,698.0,47,-342.6508200233683,608.1072401618923
2025-04-29T17:40:39.684655,119.51,698.0,47,-343.8176699131063,607.4482775146558
2025-04-29T17:40:39.684659,119.62,698.0,47,-344.98325253573074,606.7870758922509
2025-04-29T17:40:39.684662,119.75,698.0,47,-346.3591195652954,606.0027725134213
2025-04-29T17:40:39.684666,119.86,697.0,47,-347.02403992529673,604.4694497771794
2025-04-29T17:40:39.684669,119.97,696.0,47,-347.68435122195694,602.9358107753817
2025-04-29T17:40:39.684673,120.09,694.0,47,-347.94365408684274,600.4758226445887
2025-04-29T17:40:39.684676,120.2,694.0,47,-349.09584296138314,599.8067125558711
2025-04-29T17:40:39.684679,120.31,694.0,47,-350.2467451141519,599.1353916577974
2025-04-29T17:40:39.684683,120.43,690.0,47,-349.474861026598,594.9515287067006
2025-04-29T17:40:39.684686,120.54,683.0,47,-347.05946281373855,588.2505667412818
2025-04-29T17:40:39.684689,120.65,682.0,47,-347.6783901648434,586.7228792303765
2025-04-29T17:40:39.684693,120.78,687.0,47,-351.5674410785549,590.2282053354252
2025-04-29T17:40:39.684696,120.89,688.0,47,-353.2133407575593,590.4103114875995
2025-04-29T17:40:39.684703,121.79,587.0,47,-309.2359750363963,498.9409902416209
2025-04-29T17:40:39.684710,121.9,587.0,47,-310.1933024820177,498.3463806383061
2025-04-29T17:40:39.684716,122.03,585.0,47,-310.2624886827525,495.945751182914
2025-04-29T17:40:39.684723,122.14,582.0,47,-309.61809423601096,492.808924149777
2025-04-29T17:40:39.684730,122.24,580.0,47,-309.4108022542155,490.576146432338
2025-04-29T17:40:39.684736,122.37,580.0,47,-310.52308683910934,489.8728534425142
2025-04-29T17:40:39.684743,122.48,580.0,47,-311.46300235050444,489.2757894754344
2025-04-29T17:40:39.684747,122.59,579.0,47,-311.86314610875235,487.8343756841567
2025-04-29T17:40:39.684750,122.72,578.0,47,-312.4286694758803,486.28420341352967
2025-04-29T17:40:39.684753,122.83,578.0,47,-313.3616917661853,485.6834876063158
2025-04-29T17:40:39.684757,122.94,578.0,47,-314.29355904614215,485.0809816330766
2025-04-29T17:40:39.684760,123.05,580.0,47,-316.3150092923621,486.15307763745864
2025-04-29T17:40:39.684763,123.17,583.0,47,-318.9738864756533,488.00067596942637
2025-04-29T17:40:39.684767,123.28,584.0,47,-320.45892312501223,488.22339004758624
2025-04-29T17:40:39.684770,123.39,583.0,47,-320.8453185616075,486.772309768233
2025-04-29T17:40:39.684773,123.51,582.0,47,-321.31202514812793,485.2654763067416
2025-04-29T17:40:39.684777,123.62,582.0,47,-322.2430752525476,484.64770756889067
2025-04-29T17:40:39.684780,123.73,583.0,47,-323.72821757252837,484.85981597500296
2025-04-29T17:40:39.684784,123.85,582.0,47,-324.1859742645395,483.3502395676983
2025-04-29T17:40:39.684787,123.96,581.0,47,-324.55472809430614,481.89752901590083
2025-04-29T17:40:39.684790,124.07,581.0,47,-325.4793062319893,481.27354094604345
2025-04-29T17:40:39.684794,124.18,581.0,47,-326.40268469537705,480.6477789646492
2025-04-29T17:40:39.684797,124.31,580.0,47,-326.9287285892987,479.0799582773053
2025-04-29T17:40:39.684800,124.42,579.0,47,-327.2826380197399,477.626501411762
2025-04-29T17:40:39.684803,124.53,578.0,47,-327.6321736800187,476.1734544992046
2025-04-29T17:40:39.684807,124.65,578.0,47,-328.6287497244046,475.48621941605694
2025-04-29T17:40:39.684810,124.76,581.0,47,-331.25143200575866,477.3190639332712
2025-04-29T17:40:39.684814,124.87,585.0,47,-334.45407324338566,479.9640329138299
2025-04-29T17:40:39.684817,125.0,584.0,47,-334.96863882901096,478.38479386477115
2025-04-29T17:40:39.684824,125.9,432.0,47,-253.312858109861,349.93798867258386
2025-04-29T17:40:39.684831,126.01,431.0,47,-253.3962971234327,348.6421038889781
2025-04-29T17:40:39.684838,126.14,430.0,47,-253.5969277426027,347.2586906608863
2025-04-29T17:40:39.684844,126.25,429.0,47,-253.67183914797687,345.96473523075
2025-04-29T17:40:39.684851,126.36,428.0,47,-253.74271902893335,344.6717750843602
2025-04-29T17:40:39.684858,126.46,427.0,47,-253.74963653886397,343.4241138248659
2025-04-29T17:40:39.684865,126.59,427.0,47,-254.52818731186258,342.84749067732344
2025-04-29T17:40:39.684905,128.64,614.0,47,-383.3969799914536,479.5860253733765
2025-04-29T17:40:39.684912,128.75,615.0,47,-384.9429353931963,479.62895710212234
2025-04-29T17:40:39.684919,128.87,618.0,47,-387.82928937678463,481.1573986768761
2025-04-29T17:40:39.684943,129.9,636.0,47,-407.96196567798444,487.9170365545305
2025-04-29T17:40:39.684946,130.01,652.0,47,-419.1846875172845,499.3878229903454
2025-04-29T17:40:39.684953,130.12,653.0,47,-420.7870607898147,499.3468228314553
2025-04-29T17:40:39.684973,130.7,659.0,47,-429.7328481242283,499.610527554253
2025-04-29T17:40:39.684976,130.81,666.0,47,-435.2661079227304,504.0827464750188
2025-04-29T17:40:39.684980,130.92,667.0,47,-436.8880791767406,504.00179193457046
2025-04-29T17:40:39.685039,133.09,1246.0,47,-851.2003220920622,909.9307730098867
2025-04-29T17:40:39.685054,133.2,1244.0,47,-851.5765997752884,906.8369725122362
2025-04-29T17:40:39.685061,133.31,1243.0,47,-852.6300859472178,904.4727395215624
2025-04-29T17:40:39.685068,133.43,1244.0,47,-855.2100056620765,903.4112276341663
2025-04-29T17:40:39.685075,133.54,1245.0,47,-857.6317143614326,902.4925720034876
2025-04-29T17:40:39.685081,133.65,1247.0,47,-860.7432965723432,902.2915146479963
2025-04-29T17:40:39.685088,133.78,1249.0,47,-864.172096135071,901.7802327959498
2025-04-29T17:40:39.685095,133.89,1252.0,47,-867.9816243932195,902.2814969374624
2025-04-29T17:40:39.685098,133.99,1252.0,47,-869.5550798725712,900.7652097343714
2025-04-29T17:40:39.685102,134.12,1249.0,47,-869.5081210182116,896.6362849469003
2025-04-29T17:40:39.685105,134.23,1245.0,47,-868.4377740809459,892.0991158774522
2025-04-29T17:40:39.685109,134.34,1241.0,47,-867.3532208535701,887.5693720915217
2025-04-29T17:40:39.685123,135.64,1060.0,47,-757.8586203966736,741.1142364645619
2025-04-29T17:40:39.685129,135.76,1062.0,47,-760.8419905595704,740.920687659179
2025-04-29T17:40:39.685136,135.87,1067.0,47,-765.8518622093327,742.940054883634
2025-04-29T17:40:39.685220,138.95,654.0,47,-493.20544981418436,429.4931713934321
2025-04-29T17:40:39.685227,139.08,654.0,47,-494.1786685535369,428.373019162801
2025-04-29T17:40:39.685234,139.2,655.0,47,-495.8317614519004,427.99049561351916
2025-04-29T17:40:39.685241,139.31,656.0,47,-497.4107780635301,427.6897448691441
2025-04-29T17:40:39.685247,139.42,656.0,47,-498.2309662282187,426.73399711213034
2025-04-29T17:40:39.685254,139.54,656.0,47,-499.1236224260046,425.6895694474357
2025-04-29T17:40:39.685261,139.65,656.0,47,-499.939967375252,424.73053695352763
2025-04-29T17:40:39.685264,139.76,656.0,47,-500.754469610948,423.76993895822557
2025-04-29T17:40:39.685268,139.89,657.0,47,-502.4794922961502,423.27693041530523
2025-04-29T17:40:39.685271,140.0,660.0,47,-505.5893324585254,424.23982239311607
2025-04-29T17:40:39.685284,141.14,809.0,47,-629.9532200415974,507.58244705586776
2025-04-29T17:40:39.685291,141.26,811.0,47,-632.5749032450008,507.5135385234347
2025-04-29T17:40:39.685298,141.37,814.0,47,-635.8916740072848,508.171013467133
2025-04-29T17:40:39.685305,141.48,815.0,47,-637.6485106199193,507.57204109781173
2025-04-29T17:40:39.685311,141.61,815.0,47,-638.7985127443435,506.1239572630552
2025-04-29T17:40:39.685318,141.72,816.0,47,-640.5540157923326,505.5161252149293
2025-04-29T17:40:39.685325,141.84,817.0,47,-642.3976490556176,504.79130389480315
2025-04-29T17:40:39.685328,141.95,817.0,47,-643.3655942949958,503.55705940583033
2025-04-29T17:40:39.685332,142.06,816.0,47,-643.5425131320548,501.7061229362057
2025-04-29T17:40:39.685335,142.19,817.0,47,-645.4692387783972,500.8577260967794
2025-04-29T17:40:39.685338,142.29,817.0,47,-646.3424168694123,499.7304074752774
2025-04-29T17:40:39.685342,142.4,817.0,47,-647.3006386211907,498.4885989073357
2025-04-29T17:40:39.685345,142.53,817.0,47,-648.4300062419923,497.01863848854794
2025-04-29T17:40:39.685349,142.64,816.0,47,-648.5881794717317,495.16600595107985
2025-04-29T17:40:39.685352,142.75,815.0,47,-648.7416320657169,493.314600254959
2025-04-29T17:40:39.685355,142.87,814.0,47,-648.9761361634402,491.35117247277634
2025-04-29T17:40:39.685359,142.98,812.0,47,-648.3214153183266,488.9001354465367
2025-04-29T17:40:39.685362,143.09,810.0,47,-647.6596810996575,486.45342786117766
2025-04-29T17:40:39.685366,143.22,809.0,47,-647.9608004619607,484.3839397262208
2025-04-29T17:40:39.685369,143.33,811.0,47,-650.4937330465165,484.33346288193565
2025-04-29T17:40:39.685373,143.44,816.0,47,-655.4385547692875,486.0620340264683
2025-04-29T17:40:39.685376,143.67,821.0,47,-661.4125376124304,486.38920124637366
2025-04-29T17:40:39.685379,143.79,828.0,47,-668.0777779271727,489.13810180754814
2025-04-29T17:40:39.685383,143.9,832.0,47,-672.2475834031613,490.2113693179806
2025-04-29T17:40:39.685386,144.01,834.0,47,-674.8057213231751,490.09513206061246
2025-04-29T17:40:39.685390,144.14,838.0,47,-679.157777222178,490.90601303979815
2025-04-29T17:40:39.685393,144.24,839.0,47,-680.8250069943418,490.3043033169854
2025-04-29T17:40:39.685400,144.35,839.0,47,-681.7650683872193,488.9963103408553
2025-04-29T17:40:39.685403,144.48,840.0,47,-683.6867227601191,488.02916421206635
2025-04-29T17:40:39.685407,144.59,842.0,47,-686.2524642875619,487.87452819269885
2025-04-29T17:40:39.685410,144.7,844.0,47,-688.820126027655,487.71183497967877
2025-04-29T17:40:39.685413,144.83,847.0,47,-692.377274912577,487.8757107959298
2025-04-29T17:40:39.685417,144.94,848.0,47,-694.1312034027256,487.11997748263605
2025-04-29T17:40:39.685420,145.04,849.0,47,-695.7998827715364,486.48075309832774
2025-04-29T17:40:39.685424,145.17,850.0,47,-697.7227309116329,485.47192583012793
2025-04-29T17:40:39.685427,145.28,849.0,47,-697.8315383951372,483.56193400750254
2025-04-29T17:40:39.685430,145.39,850.0,47,-699.5816612827837,482.78929068157737
2025-04-29T17:40:39.685434,145.51,853.0,47,-703.0639528135455,483.02181964606183
2025-04-29T17:40:39.685437,145.62,854.0,47,-704.8153025238216,482.2358233564299
2025-04-29T17:40:39.685440,145.73,854.0,47,-705.7398293441603,480.8817872172698
2025-04-29T17:40:39.685444,145.85,853.0,47,-705.9178664381761,478.84127416438673
2025-04-29T17:40:39.685447,145.96,851.0,47,-705.1785802034375,476.3655844225778
2025-04-29T17:40:39.685450,146.07,850.0,47,-705.2621161748259,474.45268203331545
2025-04-29T17:40:39.685454,146.2,851.0,47,-707.1677833524533,473.40756879075957
2025-04-29T17:40:39.685457,146.31,851.0,47,-708.075356815704,472.04903248530593
2025-04-29T17:40:39.685461,146.44,851.0,47,-709.1445785795817,470.44124677922065
2025-04-29T17:40:39.685464,146.55,853.0,47,-711.7151877945282,470.18133891361475
2025-04-29T17:40:39.685467,146.65,855.0,47,-714.2053804792749,470.0379500577099
2025-04-29T17:40:39.685488,148.03,859.0,47,-728.711557231866,454.8191578602521
2025-04-29T17:40:39.685495,148.16,861.0,47,-731.4406817686398,454.2196924989353
2025-04-29T17:40:39.685502,148.26,857.0,47,-728.8305540199291,450.8381345083879
2025-04-29T17:40:39.685599,151.25,355.0,47,-311.23799827616523,170.7510129663826
2025-04-29T17:40:39.685606,151.36,353.0,47,-309.80994575187873,169.19455521150192
2025-04-29T17:40:39.685613,151.47,350.0,47,-307.4985033625384,167.1665948382002
2025-04-29T17:40:39.685627,151.81,346.0,47,-304.95952635086286,163.44934165623732
2025-04-29T17:40:39.685634,151.94,341.0,47,-300.91731845757556,160.4050106832765
2025-04-29T17:40:39.685637,152.05,337.0,47,-297.6912914191082,157.9521921760619
2025-04-29T17:40:39.685644,152.39,338.0,47,-299.5094743987447,156.64633652079988
2025-04-29T17:40:39.685651,152.5,339.0,47,-300.69667244741714,156.5327798866765
2025-04-29T17:40:39.685654,152.61,337.0,47,-299.22084807877303,155.0351059438469
2025-04-29T17:40:39.685658,152.73,334.0,47,-296.8783245659214,153.03352705512427
2025-04-29T17:40:39.685665,152.97,333.0,47,-296.6259748329981,151.33417014796618
2025-04-29T17:40:39.685672,153.08,330.0,47,-294.24105010424967,149.40617267552378
2025-04-29T17:40:39.685675,153.18,328.0,47,-292.7165080245795,147.99001969692512
2025-04-29T17:40:39.685760,156.64,847.0,47,-777.572819020572,335.8414970196518
2025-04-29T17:40:39.685828,158.71,929.0,47,-865.6000351932787,337.3093225414837
2025-04-29T17:40:39.685835,158.84,928.0,47,-865.4305610085135,334.98349820922476
2025-04-29T17:40:39.685845,159.08,927.0,47,-865.8920602135165,330.998398877082
2025-04-29T17:40:39.685852,159.19,928.0,47,-867.4606990315248,329.6906665887562
2025-04-29T17:40:39.685858,159.31,925.0,47,-865.3427813618663,326.8132046672979
2025-04-29T17:40:39.685865,159.42,922.0,47,-863.1600756328888,324.0967198745241
2025-04-29T17:40:39.685869,159.54,923.0,47,-864.7738850500965,322.63776551321826
2025-04-29T17:40:39.685872,159.65,924.0,47,-866.3292968096736,321.32467924088326
2025-04-29T17:40:39.685879,159.78,924.0,47,-867.0561288092689,319.3582150098608
2025-04-29T17:40:39.685882,159.89,925.0,47,-868.6066885205194,318.0368228010987
2025-04-29T17:40:39.685886,160.12,931.0,47,-875.5188095621639,316.58776682438537
2025-04-29T17:40:39.685903,161.3,953.0,47,-902.6913946919655,305.5441800281493
2025-04-29T17:40:39.686018,165.22,538.0,47,-520.198923435025,137.2482424551985
2025-04-29T17:40:39.686025,165.34,538.0,47,-520.4852343481938,136.15844015523155
2025-04-29T17:40:39.686051,166.37,392.0,47,-380.960396913121,92.37519138706742
2025-04-29T17:40:39.686058,166.48,395.0,47,-384.05390747511154,92.34498445015014
2025-04-29T17:40:39.686115,168.56,637.0,47,-624.3446858959403,126.34363139272087
2025-04-29T17:40:39.686121,168.68,637.0,47,-624.6079298446699,125.03573079386533
2025-04-29T17:40:39.686275,173.28,819.0,47,-813.3733580114432,95.83726038023377
2025-04-29T17:40:39.686282,173.39,823.0,47,-817.5292639963109,94.73596207169784
2025-04-29T17:40:39.686293,173.62,829.0,47,-823.8658111806882,92.12016699717101
2025-04-29T17:40:39.686303,173.86,833.0,47,-828.2215084183789,89.09620077862576
2025-04-29T17:40:39.686340,175.47,845.0,47,-842.360318014319,66.73900384943903
2025-04-29T17:40:39.686350,175.68,854.0,47,-851.5737008225643,64.32909192085444
2025-04-29T17:40:39.686357,175.81,854.0,47,-851.71746681257,62.39676855718305
2025-04-29T17:40:39.686364,175.92,859.0,47,-856.8230186725276,61.11722075567088
2025-04-29T17:40:39.686371,176.04,862.0,47,-859.9419804833761,59.52974216581802
2025-04-29T17:40:39.686377,176.26,861.0,47,-859.1663481372219,56.16214230733957
2025-04-29T17:40:39.686388,176.97,869.0,47,-867.7851335013974,45.93432348431812
2025-04-29T17:40:39.686391,177.08,878.0,47,-876.8600364707162,44.72668600035503
2025-04-29T17:40:39.686398,177.19,880.0,47,-878.9418846873035,43.141202374653865
2025-04-29T17:40:39.686405,177.31,883.0,47,-882.027005853775,41.4410538551427
2025-04-29T17:40:39.686413,177.42,885.0,47,-884.102914085694,39.83763679215934
2025-04-29T17:40:39.686420,177.53,884.0,47,-883.1786965430764,38.09711239021207
2025-04-29T17:40:39.686427,177.65,882.0,47,-881.2582318773068,36.16529757215936
2025-04-29T17:40:39.686430,177.76,884.0,47,-883.3245118664095,34.551508447092836
2025-04-29T17:40:39.686434,177.89,892.0,47,-891.3952088577436,32.84176647897819
2025-04-29T17:40:39.686437,178.23,899.0,47,-898.5710601208102,27.767785532216287
2025-04-29T17:40:39.686441,178.34,907.0,47,-906.6193570211625,26.27435012581627
2025-04-29T17:40:39.686444,178.45,912.0,47,-911.6662997840286,24.66896507958278
2025-04-29T17:40:39.686448,178.58,911.0,47,-910.7202322981209,22.57561699835888
2025-04-29T17:40:39.686451,178.69,911.0,47,-910.7618959466666,20.82711913907174
2025-04-29T17:40:39.686458,178.81,915.0,47,-914.8026559010259,19.00265129999468
2025-04-29T17:40:39.686465,178.92,919.0,47,-918.8367418379635,17.321716098460374
2025-04-29T17:40:39.686468,179.03,924.0,47,-923.8675872496755,15.64228977686543
2025-04-29T17:40:39.686472,179.15,928.0,47,-927.8978819291085,13.76665215200052
2025-04-29T17:40:39.686475,179.26,929.0,47,-928.922518529236,11.998106904901379
2025-04-29T17:40:39.686478,179.37,928.0,47,-927.9439017337901,10.2036873271464
2025-04-29T17:40:39.686482,179.49,932.0,47,-931.9630786020244,8.29578945229709
2025-04-29T17:40:39.686485,179.73,936.0,47,-935.9896073257978,4.410779760853779
2025-04-29T17:40:39.686488,179.84,940.0,47,-939.996334845587,2.6249717833178914
2025-04-29T17:40:39.686492,179.95,943.0,47,-942.9996409322392,0.8229226378668103
2025-04-29T17:40:39.686495,180.08,944.0,47,-943.9990798118479,-1.3180722228312982
2025-04-29T17:40:39.686498,180.19,942.0,47,-941.994820564296,-3.1237845699977207
2025-04-29T17:40:39.686502,180.3,940.0,47,-939.9871147125812,-4.921806001534401
2025-04-29T17:40:39.686509,180.53,945.0,47,-944.9595698650962,-8.741356895372897
2025-04-29T17:40:39.686512,180.65,949.0,47,-948.9389320969583,-10.765832558808377
2025-04-29T17:40:39.686516,180.87,950.0,47,-949.8904837648488,-14.424591951995314
2025-04-29T17:40:39.686564,182.26,1083.0,47,-1082.1576089091068,-42.707253249590416
2025-04-29T17:40:39.686594,182.84,1076.0,47,-1074.6784464363386,-53.31263232272052
2025-04-29T17:40:39.686601,182.95,1063.0,47,-1061.5913402894441,-54.7067292246746
2025-04-29T17:40:39.686605,183.06,1055.0,47,-1053.4957610810827,-56.31768269549241
2025-04-29T17:40:39.686615,183.3,1049.0,47,-1047.2605656281157,-60.384664280586385
2025-04-29T17:40:39.686622,183.42,1036.0,47,-1034.1549516282275,-61.802394960216546
2025-04-29T17:40:39.686698,186.53,444.0,47,-441.11952620981117,-50.49320346771194
2025-04-29T17:40:39.686705,186.64,443.0,47,-440.0284810410236,-51.224367958321665
2025-04-29T17:40:39.686969,195.39,1974.0,47,-1903.2157904879714,-523.8756100805284
2025-04-29T17:40:39.686976,195.51,1974.0,47,-1902.1144145603055,-527.8605440094066
2025-04-29T17:40:39.686983,195.62,1977.0,47,-1903.9866961288744,-532.3191345088521
2025-04-29T17:40:39.686999,196.31,1996.0,47,-1915.6735583830018,-560.5451076516568
2025-04-29T17:40:39.687021,197.0,1850.0,47,-1769.1637985316156,-540.887653737063
2025-04-29T17:40:39.687024,197.12,1848.0,47,-1766.1157060636247,-544.0030448401784
2025-04-29T17:40:39.687031,197.23,1844.0,47,-1761.247547403778,-546.2079061714285
2025-04-29T17:40:39.687099,199.76,368.0,47,-346.331064584878,-124.41380029363732
2025-04-29T17:40:39.687105,199.87,367.0,47,-345.15110289610135,-124.73859134047036
2025-04-29T17:40:39.687112,200.0,364.0,47,-342.0481139660707,-124.49533217054339
2025-04-29T17:40:39.687119,200.1,363.0,47,-340.89121351037943,-124.74846913457857
2025-04-29T17:40:39.687126,200.21,362.0,47,-339.71265280710315,-125.05724098492095
2025-04-29T17:40:39.687132,200.34,359.0,47,-336.6150932477076,-124.7849309726023
2025-04-29T17:40:39.687139,200.45,356.0,47,-333.56397082750857,-124.38278564891931
2025-04-29T17:40:39.687143,200.69,352.0,47,-329.2980097722994,-124.36567355987994
2025-04-29T17:40:39.687146,200.79,350.0,47,-327.21067400503944,-124.23032969918343
2025-04-29T17:40:39.687150,201.26,342.0,47,-318.7250524191466,-124.00943899724832
2025-04-29T17:40:39.687156,201.37,333.0,47,-310.1051635089806,-121.34161514117254
2025-04-29T17:40:39.687160,201.48,331.0,47,-308.01054208234115,-121.20439747031601
2025-04-29T17:40:39.687163,201.6,331.0,47,-307.75601682901123,-121.84922693862839
2025-04-29T17:40:39.687170,201.71,331.0,47,-307.521516076319,-122.43985115199324
2025-04-29T17:40:39.687177,201.84,330.0,47,-306.31469120239785,-122.7652636277039
2025-04-29T17:40:39.687184,201.95,330.0,47,-306.07843444286306,-123.35311900801689
2025-04-29T17:40:39.687187,202.06,330.0,47,-305.84104951811696,-123.9405197248129
2025-04-29T17:40:39.687191,202.19,331.0,47,-306.48498691702275,-125.01181061992654
2025-04-29T17:40:39.687194,202.3,333.0,47,-308.0948362224654,-126.35890112315873
2025-04-29T17:40:39.687197,202.4,334.0,47,-308.7983752265126,-127.27750570099154
2025-04-29T17:40:39.687201,202.53,335.0,47,-309.4324761556365,-128.36098589599357
2025-04-29T17:40:39.687204,202.64,335.0,47,-309.1854706412898,-128.9548166774865
2025-04-29T17:40:39.687207,202.76,335.0,47,-308.91471038289234,-129.60208991005402
2025-04-29T17:40:39.687211,202.87,336.0,47,-309.5867120996695,-130.58356593123173
2025-04-29T17:40:39.687275,205.75,888.0,47,-799.8200365184581,-385.7873885751223
2025-04-29T17:40:39.687282,205.87,888.0,47,-799.010291690976,-387.4616803916245
2025-04-29T17:40:39.687289,205.98,890.0,47,-800.0628406226305,-389.87106978441926
2025-04-29T17:40:39.687295,206.09,896.0,47,-804.7014939736268,-394.0450552876068
2025-04-29T17:40:39.687302,206.21,901.0,47,-808.3603501293421,-397.93786492210995
2025-04-29T17:40:39.687309,206.32,900.0,47,-806.6985432727438,-399.0456869603193
2025-04-29T17:40:39.687322,206.45,901.0,47,-806.686385052955,-401.32041584025563
2025-04-29T17:40:39.687343,207.82,889.0,47,-786.2477101712184,-414.8922007588428
2025-04-29T17:40:39.687353,208.06,873.0,47,-770.3836334705675,-410.6556431862179
2025-04-29T17:40:39.687360,208.17,873.0,47,-769.5938119508621,-412.133915865876
2025-04-29T17:40:39.687367,208.3,872.0,47,-767.7762522599892,-413.4049182890856
2025-04-29T17:40:39.687374,208.41,871.0,47,-766.1015917720906,-414.4024023630521
2025-04-29T17:40:39.687380,208.53,872.0,47,-766.1105569489528,-416.4836305683158
2025-04-29T17:40:39.687384,208.64,871.0,47,-764.4319058070433,-417.47438410543407
2025-04-29T17:40:39.687391,208.76,871.0,47,-763.555873554659,-419.074489751144
2025-04-29T17:40:39.687394,208.87,872.0,47,-763.6256190559493,-421.0224624903263
2025-04-29T17:40:39.687398,209.0,872.0,47,-762.6683846255531,-422.7539888548058
2025-04-29T17:40:39.687402,209.11,873.0,47,-762.7290375107524,-424.7039149076934
2025-04-29T17:40:39.687405,209.23,873.0,47,-761.8378675103397,-426.300438220861
2025-04-29T17:40:39.687408,209.34,871.0,47,-759.2745710950412,-426.78229308213
2025-04-29T17:40:39.687418,210.29,775.0,47,-669.1997854570174,-390.89211701476154
2025-04-29T17:40:39.687425,210.4,773.0,47,-666.7230662972099,-391.16409966565976
2025-04-29T17:40:39.687432,210.53,771.0,47,-664.1111011219322,-391.6598592741089
2025-04-29T17:40:39.687439,210.64,771.0,47,-663.357944720233,-392.93413847176515
2025-04-29T17:40:39.687445,210.76,773.0,47,-664.2521654023302,-395.3454954319265
2025-04-29T17:40:39.687452,210.89,774.0,47,-664.2116004235497,-397.3650083522538
2025-04-29T17:40:39.687455,211.0,774.0,47,-663.447490743435,-398.63946998038193
2025-04-29T17:40:39.687459,211.12,774.0,47,-662.6111276976336,-400.02811582596337
2025-04-29T17:40:39.687462,211.23,775.0,47,-662.6970010755277,-401.8179746670151
2025-04-29T17:40:39.687466,211.35,775.0,47,-661.8539826359518,-403.2050417206228
2025-04-29T17:40:39.687469,211.46,778.0,47,-663.637679436542,-406.040675834431
2025-04-29T17:40:39.687472,211.59,783.0,47,-666.9737868130075,-410.1645617362828
2025-04-29T17:40:39.687476,211.7,786.0,47,-668.7375320073044,-413.0207177428022
2025-04-29T17:40:39.687479,211.83,786.0,47,-667.798697187721,-414.53697064843607
2025-04-29T17:40:39.687482,212.18,793.0,47,-671.1786449206038,-422.3366271146064
2025-04-29T17:40:39.687486,212.29,808.0,47,-683.0469066001555,-431.63749070714243
2025-04-29T17:40:39.687493,212.65,816.0,47,-687.0572386245885,-440.2366986673817
2025-04-29T17:40:39.687499,212.76,816.0,47,-686.210779155306,-441.5549417355306
2025-04-29T17:40:39.687503,212.89,811.0,47,-681.0085840464327,-440.39562719794657
2025-04-29T17:40:39.687506,213.01,803.0,47,-673.3761246757964,-437.46267808420674
2025-04-29T17:40:39.687513,213.12,799.0,47,-669.1849039936712,-436.56908304068094
2025-04-29T17:40:39.687520,213.23,800.0,47,-669.18199626947,-438.40102174699246
2025-04-29T17:40:39.687524,213.35,804.0,47,-671.6036560296341,-442.0005986507586
2025-04-29T17:40:39.687527,214.05,833.0,47,-690.1815411410773,-466.4101631269707
2025-04-29T17:40:39.687594,214.85,823.0,47,-675.3956536521619,-470.28683909691637
2025-04-29T17:40:39.687603,214.96,784.0,47,-642.5289847972729,-449.23546575864407
2025-04-29T17:40:39.687610,215.09,780.0,47,-638.2350486033798,-448.39271039373676
2025-04-29T17:40:39.687617,215.2,777.0,47,-634.9215860063949,-447.88790966392924
2025-04-29T17:40:39.687624,215.31,776.0,47,-633.2444966356751,-448.52804536687614
2025-04-29T17:40:39.687631,215.44,777.0,47,-633.0399128565986,-450.54352590011774
2025-04-29T17:40:39.687634,215.55,777.0,47,-632.1737652621114,-451.7580442165086
2025-04-29T17:40:39.687638,215.67,778.0,47,-632.0386085638709,-453.664189995911
2025-04-29T17:40:39.687641,215.78,778.0,47,-631.1664715734374,-454.8767801960627
2025-04-29T17:40:39.687645,215.89,775.0,47,-627.8615762774934,-454.3290008730911
2025-04-29T17:40:39.687648,216.01,773.0,47,-625.2908266964736,-454.4671407805416
2025-04-29T17:40:39.687652,216.12,774.0,47,-625.2249447542168,-456.2562530608063
2025-04-29T17:40:39.687655,216.25,775.0,47,-624.994568307299,-458.2649774817763
2025-04-29T17:40:39.687659,216.36,774.0,47,-623.3083035404082,-458.8711788046601
2025-04-29T17:40:39.687662,216.46,773.0,47,-621.7022013738203,-459.36409612304897
2025-04-29T17:40:39.687666,216.59,770.0,47,-618.2495733525506,-458.98525580827675
2025-04-29T17:40:39.687669,216.7,769.0,47,-616.565470423447,-459.57373802417544
2025-04-29T17:40:39.687672,216.83,770.0,47,-616.3215621469092,-461.57093932871635
2025-04-29T17:40:39.687676,216.94,770.0,47,-615.4342742623048,-462.7533404128274
2025-04-29T17:40:39.687679,217.05,769.0,47,-613.7466079438548,-463.3315241135792
2025-04-29T17:40:39.687683,217.17,768.0,47,-611.9780169057823,-464.01175289432706
2025-04-29T17:40:39.687686,217.28,768.0,47,-611.086051003281,-465.18581047707744
2025-04-29T17:40:39.687689,217.4,771.0,47,-612.4936724328073,-468.2867724266541
2025-04-29T17:40:39.687693,217.51,776.0,47,-615.5597335331984,-472.506311547833
2025-04-29T17:40:39.687696,217.64,778.0,47,-616.0697941561712,-475.1231511180791
2025-04-29T17:40:39.687700,217.75,777.0,47,-614.3657987989665,-475.69282658676696
2025-04-29T17:40:39.687703,217.86,778.0,47,-614.2409152026204,-477.48518101721993
2025-04-29T17:40:39.687707,217.98,783.0,47,-617.1806541885146,-481.8475278502912
2025-04-29T17:40:39.687711,218.2,788.0,47,-619.2552318222168,-487.30581554175245
2025-04-29T17:40:39.687765,220.51,665.0,47,-505.59458162762866,-431.9712016197181
2025-04-29T17:40:39.687786,221.2,652.0,47,-490.57452060001253,-429.46552799737947
2025-04-29T17:40:39.687793,221.33,638.0,47,-479.08597395339285,-421.33197073225887
2025-04-29T17:40:39.687800,221.43,640.0,47,-479.8494110334124,-423.49090041096184
2025-04-29T17:40:39.687814,221.78,647.0,47,-482.4734758360937,-431.0781195034588
2025-04-29T17:40:39.687817,222.01,656.0,47,-487.42638691718736,-439.03475641098885
2025-04-29T17:40:39.687821,222.12,660.0,47,-489.5495700075679,-442.65248051423515
2025-04-29T17:40:39.687827,222.25,661.0,47,-489.2841822687961,-444.43445971431544
2025-04-29T17:40:39.687834,222.36,660.0,47,-487.6911022521507,-444.699211584732
2025-04-29T17:40:39.687888,224.67,450.0,47,-320.02545286190906,-316.36009470306146
2025-04-29T17:40:39.687895,224.78,450.0,47,-319.4174956687767,-316.9739160572791
2025-04-29T17:40:39.687902,224.9,450.0,47,-318.752926976038,-317.64220680540643
2025-04-29T17:40:39.687909,225.01,450.0,47,-318.14251065106794,-318.2535827239579
2025-04-29T17:40:39.687916,225.12,449.0,47,-316.8252974238425,-318.15519941106373
2025-04-29T17:40:39.687923,225.25,449.0,47,-316.1026112807298,-318.87323365485514
2025-04-29T17:40:39.687927,225.36,450.0,47,-316.19248640948206,-320.19105474417853
2025-04-29T17:40:39.687930,225.48,450.0,47,-315.5211868353941,-320.8525839976738
2025-04-29T17:40:39.687934,225.59,449.0,47,-314.2048249594877,-320.74339895339654
2025-04-29T17:40:39.687937,225.7,449.0,47,-313.5884631585218,-321.34603743297725
2025-04-29T17:40:39.687941,225.82,449.0,47,-312.9147503073753,-322.0021103037571
2025-04-29T17:40:39.687944,225.93,449.0,47,-312.2959743331035,-322.6022696996063
2025-04-29T17:40:39.687948,226.06,448.0,47,-310.8693050759501,-322.58994894695013
2025-04-29T17:40:39.687951,226.17,448.0,47,-310.24940430281663,-323.1861802889279
2025-04-29T17:40:39.687955,226.28,448.0,47,-309.6283599908208,-323.7812204087734
2025-04-29T17:40:39.687958,226.41,449.0,47,-309.5824204883671,-325.20720306377575
2025-04-29T17:40:39.687962,226.51,449.0,47,-309.0143556111945,-325.74703072506776
2025-04-29T17:40:39.687965,226.64,449.0,47,-308.274464269502,-326.4473229777686
2025-04-29T17:40:39.687969,226.75,448.0,47,-306.961979666209,-326.3101945073152
2025-04-29T17:40:39.687972,226.87,449.0,47,-306.9615404419744,-327.68218244129497
2025-04-29T17:40:39.687976,226.98,454.0,47,-309.743138535666,-331.9264800073583
2025-04-29T17:40:39.688047,229.87,564.0,47,-363.511566093327,-431.22539502721395
2025-04-29T17:40:39.688053,229.98,563.0,47,-362.0399483775543,-431.15667196365854
2025-04-29T17:40:39.688060,230.11,562.0,47,-360.41943813673214,-431.2097269464156
2025-04-29T17:40:39.688067,230.22,562.0,47,-359.5909111705625,-431.9008874771209
2025-04-29T17:40:39.688074,230.32,561.0,47,-358.1980554047583,-431.758211391804
2025-04-29T17:40:39.688077,230.45,560.0,47,-356.5807545832851,-431.7987557425507
2025-04-29T17:40:39.688081,230.56,558.0,47,-354.4805641815816,-430.9379649294172
2025-04-29T17:40:39.688084,230.69,557.0,47,-352.868369431477,-430.96741623325846
2025-04-29T17:40:39.688088,230.8,556.0,47,-351.40829228165717,-430.86913571952374
2025-04-29T17:40:39.688091,230.91,555.0,47,-349.9498954580776,-430.7668402615045
2025-04-29T17:40:39.688104,231.03,554.0,47,-348.4180192392851,-430.7213529294469
2025-04-29T17:40:39.688109,231.14,554.0,47,-347.59045200117544,-431.38947330413447
2025-04-29T17:40:39.688112,231.26,554.0,47,-346.68619031070614,-432.1165183695815
2025-04-29T17:40:39.688115,231.37,554.0,47,-345.8559477405303,-432.7813113022553
2025-04-29T17:40:39.688119,231.5,554.0,47,-344.87310869724126,-433.56491889623726
2025-04-29T17:40:39.688123,231.61,555.0,47,-344.6610997312832,-435.0100301510558
2025-04-29T17:40:39.688126,231.72,556.0,47,-344.44481080821186,-436.45592252516764
2025-04-29T17:40:39.688130,231.84,562.0,47,-347.2371025567677,-441.89409886077993
2025-04-29T17:40:39.688133,232.19,566.0,47,-346.98344304868687,-447.16718378038286
2025-04-29T17:40:39.688157,233.22,489.0,47,-292.7858424303115,-391.6598657922111
2025-04-29T17:40:39.688164,233.33,488.0,47,-291.43616508802035,-391.41916365807657
2025-04-29T17:40:39.688171,233.44,486.0,47,-289.4928290892938,-390.3714921787667
2025-04-29T17:40:39.688178,233.56,484.0,47,-287.4866412894545,-389.36798928533983
2025-04-29T17:40:39.688184,233.67,483.0,47,-286.14614397320173,-389.11358790110086
2025-04-29T17:40:39.688188,233.78,484.0,47,-285.98945993730274,-390.46898571432007
2025-04-29T17:40:39.688281,236.78,412.0,47,-225.71637370121397,-344.66812826714033
2025-04-29T17:40:39.688288,236.89,411.0,47,-224.50799466180996,-344.2632137375887
2025-04-29T17:40:39.688295,237.01,408.0,47,-222.15300164591997,-342.2163699470087
2025-04-29T17:40:39.688302,237.12,406.0,47,-220.4098217024621,-340.96262331388886
2025-04-29T17:40:39.688309,237.23,405.0,47,-219.2135466429161,-340.54430103620007
2025-04-29T17:40:39.688312,237.35,404.0,47,-217.96032630100774,-340.16069167197765
2025-04-29T17:40:39.688316,237.46,405.0,47,-217.84475164507342,-341.42153444195094
2025-04-29T17:40:39.688320,237.57,405.0,47,-217.1888682836104,-341.83913686657434
2025-04-29T17:40:39.688323,237.7,404.0,47,-215.87834915349006,-341.4857806216297
2025-04-29T17:40:39.688326,237.81,404.0,47,-215.22234607224374,-341.89960770840224
2025-04-29T17:40:39.688330,237.94,401.0,47,-212.85362600730363,-339.8445731441697
2025-04-29T17:40:39.688333,238.05,395.0,47,-209.02570538480532,-335.1615349176939
2025-04-29T17:40:39.688337,238.16,393.0,47,-207.326758597075,-333.86316833342096
2025-04-29T17:40:39.688340,238.28,394.0,47,-207.1528316135087,-335.1472875535551
2025-04-29T17:40:39.688343,238.39,393.0,47,-205.98487908606714,-334.6927390725683
2025-04-29T17:40:39.688347,238.5,392.0,47,-204.81943736865185,-334.23494442680425
2025-04-29T17:40:39.688350,238.62,392.0,47,-204.1189686306383,-334.66318388069595
2025-04-29T17:40:39.688354,238.73,395.0,47,-205.03330059981516,-337.61863936273693
2025-04-29T17:40:39.688357,238.86,401.0,47,-207.3695270454011,-343.21841333612434
2025-04-29T17:40:39.688378,240.0,435.0,47,-217.5000000000002,-376.7210506462307
2025-04-29T17:40:39.688385,240.12,464.0,47,-231.15788887752362,-402.3208053403235
2025-04-29T17:40:39.688392,240.23,462.0,47,-229.3920237818335,-401.0278038057645
2025-04-29T17:40:39.688399,240.34,464.0,47,-229.61138764481433,-403.20541993359024
2025-04-29T17:40:39.688405,240.47,467.0,47,-230.17459095746116,-406.3356465750518
2025-04-29T17:40:39.688409,240.57,464.0,47,-227.99097169319597,-404.1238879680244
2025-04-29T17:40:39.688429,241.73,393.0,47,-186.13546099626402,-346.1251076702011
2025-04-29T17:40:39.688436,241.84,393.0,47,-185.4706058661654,-346.48182399606117
2025-04-29T17:40:39.688443,241.97,393.0,47,-184.68398681483956,-346.9017512411492
2025-04-29T17:40:39.688449,242.07,392.0,47,-183.60985556979387,-346.34003657913917
2025-04-29T17:40:39.688456,242.2,392.0,47,-182.82356301323742,-346.7557422843129
2025-04-29T17:40:39.688460,242.31,391.0,47,-181.69281574764574,-346.22062432167735
2025-04-29T17:40:39.688463,242.42,391.0,47,-181.0277854263593,-346.5688112101665
2025-04-29T17:40:39.688467,242.55,391.0,47,-180.2409804433657,-346.9786578001798
2025-04-29T17:40:39.688470,242.66,391.0,47,-179.57449747880665,-347.3240559696867
2025-04-29T17:40:39.688473,242.78,391.0,47,-178.84667035805333,-347.6993938761438
2025-04-29T17:40:39.688477,242.89,390.0,47,-177.72310597829573,-347.1519805523619
2025-04-29T17:40:39.688480,243.0,390.0,47,-177.0562948984233,-347.4925444334634
2025-04-29T17:40:39.688484,243.12,389.0,47,-175.87599703385774,-346.9706524583116
2025-04-29T17:40:39.688487,243.23,389.0,47,-175.20953748282227,-347.3076704811679
2025-04-29T17:40:39.688490,243.36,388.0,47,-173.9726878429324,-346.81047257069037
2025-04-29T17:40:39.688494,243.47,388.0,47,-173.30653932269058,-347.14383679966534
2025-04-29T17:40:39.688497,243.58,387.0,47,-172.19480420265867,-346.58036500299323
2025-04-29T17:40:39.688501,243.7,386.0,47,-171.02547965813338,-346.04376212800804
2025-04-29T17:40:39.688504,243.81,386.0,47,-170.3608085468797,-346.37146953993397
2025-04-29T17:40:39.688508,243.93,386.0,47,-169.63499672489456,-346.72751244477996
2025-04-29T17:40:39.688511,244.04,386.0,47,-168.96901547064488,-347.05254906264696
2025-04-29T17:40:39.688515,244.15,386.0,47,-168.30241141862945,-347.3763064900576
2025-04-29T17:40:39.688518,244.28,386.0,47,-167.5138070438529,-347.75727806859027
2025-04-29T17:40:39.688521,244.39,385.0,47,-166.4136095502705,-347.1764832998487
2025-04-29T17:40:39.688525,244.51,384.0,47,-165.25576681041272,-346.6215970419363
2025-04-29T17:40:39.688528,244.62,383.0,47,-164.16137718587422,-346.0347413778523
2025-04-29T17:40:39.688532,244.73,382.0,47,-163.0698516149889,-345.4449644940066
2025-04-29T17:40:39.688535,244.86,381.0,47,-161.860811255526,-344.90879632114775
2025-04-29T17:40:39.688539,244.97,379.0,47,-160.35215051987552,-343.40673817450227
2025-04-29T17:40:39.688542,245.09,377.0,47,-158.79018173163954,-341.92788448097195
2025-04-29T17:40:39.688545,245.2,373.0,47,-156.45562675242402,-338.6009994927749
2025-04-29T17:40:39.688549,245.32,369.0,47,-154.07592017373614,-335.2933205756066
2025-04-29T17:40:39.688552,245.78,362.0,47,-148.507386381957,-330.13566331131227
2025-04-29T17:40:39.688555,245.89,355.0,47,-145.0138696920855,-324.0308281582585
2025-04-29T17:40:39.688609,247.86,559.0,47,-210.67089482039898,-517.7825548196582
2025-04-29T17:40:39.688616,247.97,561.0,47,-210.4266200640801,-520.0400345823457
2025-04-29T17:40:39.688623,248.09,563.0,47,-210.08328947156082,-522.3351524498503
2025-04-29T17:40:39.688630,248.2,567.0,47,-210.5655627569834,-526.4514638414779
2025-04-29T17:40:39.688636,248.31,571.0,47,-211.03279941538068,-530.5715385986208
2025-04-29T17:40:39.688640,248.43,571.0,47,-209.9211109493157,-531.0123606638598
2025-04-29T17:40:39.688643,248.54,567.0,47,-207.43784782394692,-527.6917085668194
2025-04-29T17:40:39.688646,248.65,566.0,47,-206.06030665334296,-527.1576140225334
2025-04-29T17:40:39.688650,248.78,566.0,47,-204.86369459162856,-527.6237927143429
2025-04-29T17:40:39.688653,248.89,566.0,47,-203.85035270004818,-528.0161301551932
2025-04-29T17:40:39.688657,249.01,565.0,47,-202.38582701429647,-527.5082719955576
2025-04-29T17:40:39.688660,249.12,562.0,47,-200.30347583684673,-525.092865660616
2025-04-29T17:40:39.688663,249.23,561.0,47,-198.9403839374174,-524.5414412978569
2025-04-29T17:40:39.688667,249.36,561.0,47,-197.74972610502564,-524.9914721453933
2025-04-29T17:40:39.688670,249.47,560.0,47,-196.39075323997673,-524.4336679140981
2025-04-29T17:40:39.688674,249.58,559.0,47,-195.03465236044346,-523.872584106709
2025-04-29T17:40:39.688677,249.7,557.0,47,-193.2431579263037,-522.4041365788269
2025-04-29T17:40:39.688681,249.81,556.0,47,-191.8947240690439,-521.835620549676
2025-04-29T17:40:39.688684,249.93,553.0,47,-189.7718702113615,-519.4185569234913
2025-04-29T17:40:39.688687,250.04,550.0,47,-187.75021695273298,-516.9621417804226
2025-04-29T17:40:39.688691,250.15,548.0,47,-186.07825775892948,-515.4404737594841
2025-04-29T17:40:39.688694,250.28,547.0,47,-184.57085858337047,-514.9199920005025
2025-04-29T17:40:39.688698,250.39,545.0,47,-182.91071165231224,-513.3893956470514
2025-04-29T17:40:39.688701,250.5,542.0,47,-180.923317704704,-510.91168817196063
2025-04-29T17:40:39.688705,250.86,537.0,47,-176.07022715295767,-507.31476926096474
2025-04-29T17:40:39.688708,250.97,529.0,47,-172.4874233704939,-500.08908084361127
2025-04-29T17:40:39.688711,251.08,520.0,47,-168.60877516474915,-491.9055609946314
2025-04-29T17:40:39.688718,251.2,514.0,47,-165.64456734848278,-486.5777196994679
2025-04-29T17:40:39.688759,252.93,391.0,47,-114.77407466252602,-373.7752155846625
2025-04-29T17:40:39.688766,253.04,390.0,47,-113.76456267617974,-373.03836837394834
2025-04-29T17:40:39.688773,253.17,389.0,47,-112.62834035258858,-372.33836352089946
2025-04-29T17:40:39.688780,253.28,386.0,47,-111.05021034741043,-369.6807416972054
2025-04-29T17:40:39.688787,253.39,384.0,47,-109.76855880769833,-367.97671597165066
2025-04-29T17:40:39.688790,253.75,379.0,47,-106.05519631774611,-363.85889481226695
2025-04-29T17:40:39.688794,253.86,371.0,47,-103.13255967565479,-356.37715293596966
2025-04-29T17:40:39.688797,253.97,366.0,47,-101.06747184535443,-351.7689101310525
2025-04-29T17:40:39.688804,254.09,363.0,47,-99.50812642560294,-349.0947332390826
2025-04-29T17:40:39.688838,254.2,360.0,47,-98.02088893460673,-346.3984776705427
2025-04-29T17:40:39.688841,254.33,360.0,47,-97.23468408691129,-346.61998818665745
2025-04-29T17:40:39.688845,254.43,361.0,47,-96.8979857655212,-347.75246994749705
2025-04-29T17:40:39.688848,254.56,360.0,47,-95.84248258152414,-347.0075194179663
2025-04-29T17:40:39.688852,254.67,359.0,47,-94.91172169274712,-346.22646502732647
2025-04-29T17:40:39.688855,254.78,359.0,47,-94.24684009001764,-346.40804426722923
2025-04-29T17:40:39.688859,254.9,357.0,47,-93.00010958542538,-344.67372922388336
2025-04-29T17:40:39.688862,255.01,356.0,47,-92.07956208728031,-343.8856703118272
2025-04-29T17:40:39.688866,255.14,355.0,47,-91.04261583403617,-343.1271515081488
2025-04-29T17:40:39.688869,255.25,354.0,47,-90.12908966475682,-342.33426237553584
2025-04-29T17:40:39.688873,255.37,354.0,47,-89.41190931128833,-342.5222773387301
2025-04-29T17:40:39.688876,255.48,355.0,47,-89.00486730589975,-343.6613647122108
2025-04-29T17:40:39.688887,255.61,355.0,47,-88.22489597256615,-343.86242558707966
2025-04-29T17:40:39.688892,255.72,356.0,47,-87.81122606772078,-345.00027329914343
2025-04-29T17:40:39.688896,255.84,358.0,47,-87.57772817300078,-347.12266063749854
2025-04-29T17:40:39.688899,255.95,357.0,47,-86.66837096921304,-346.32007373749343
2025-04-29T17:40:39.688903,256.07,355.0,47,-85.46137779728404,-344.55965072101793
2025-04-29T17:40:39.688906,256.18,354.0,47,-84.56084122984731,-343.7520387292278
2025-04-29T17:40:39.688909,256.31,353.0,47,-83.54400702771724,-342.971425762778
2025-04-29T17:40:39.688913,256.42,353.0,47,-82.8853955978753,-343.13118656948643
2025-04-29T17:40:39.688916,256.54,353.0,47,-82.1665620586913,-343.30402863854545
2025-04-29T17:40:39.688920,256.65,353.0,47,-81.50731461610233,-343.4611443294157
2025-04-29T17:40:39.688923,256.78,353.0,47,-80.72781686683875,-343.64519432681453
2025-04-29T17:40:39.688926,256.89,353.0,47,-80.0679170850641,-343.7995471981592
2025-04-29T17:40:39.688930,257.0,353.0,47,-79.40772218338444,-343.952632869188
2025-04-29T17:40:39.688933,257.23,360.0,47,-79.57363689556868,-351.095480334356
2025-04-29T17:40:39.688937,257.35,366.0,47,-80.15209909179156,-357.1157249564623
2025-04-29T17:40:39.688940,257.46,366.0,47,-79.46633882465233,-357.26894770439475
2025-04-29T17:40:39.688944,257.59,367.0,47,-78.87042322906197,-358.4249661221559
2025-04-29T17:40:39.688951,257.7,372.0,47,-79.24730369429135,-363.4609536899181
2025-04-29T17:40:39.688954,257.83,375.0,47,-79.05487265449835,-366.5724036388733
2025-04-29T17:40:39.688958,257.94,376.0,47,-78.55989479130695,-367.70143177635134
2025-04-29T17:40:39.688961,258.06,376.0,47,-77.78961097539947,-367.86516065577075
2025-04-29T17:40:39.688965,258.17,380.0,47,-77.90325187003498,-371.92886866721426
2025-04-29T17:40:39.688968,258.29,384.0,47,-77.93594837321373,-376.0079626167081
2025-04-29T17:40:39.688971,258.4,386.0,47,-77.61607756234271,-378.1160463453467
2025-04-29T17:40:39.688975,258.53,386.0,47,-76.75796041817269,-378.2911782112322
2025-04-29T17:40:39.688978,258.64,387.0,47,-76.22852541327939,-379.41825458630353
2025-04-29T17:40:39.688981,258.76,391.0,47,-76.21338363115377,-383.5003522234244
2025-04-29T17:40:39.688985,258.87,397.0,47,-76.63519026847428,-389.5331149113188
2025-04-29T17:40:39.688988,259.0,397.0,47,-75.75117116448821,-389.7059918287226
2025-04-29T17:40:39.688992,259.11,394.0,47,-74.43607805774369,-386.9047302416726
2025-04-29T17:40:39.688995,259.23,392.0,47,-73.25185009248017,-385.0950096509027
2025-04-29T17:40:39.688999,259.34,390.0,47,-72.1424250505134,-383.2694489622556
2025-04-29T17:40:39.689002,259.45,388.0,47,-71.04028101447659,-381.441055044399
2025-04-29T17:40:39.689006,259.57,388.0,47,-70.24123751227832,-381.58900475871116
2025-04-29T17:40:39.689015,259.68,388.0,47,-69.50851021482978,-381.72315492738306
2025-04-29T17:40:39.689019,259.81,386.0,47,-68.28840375076099,-379.91142903731264
2025-04-29T17:40:39.689023,259.92,384.0,47,-67.20885464650597,-378.0727044592149
2025-04-29T17:40:39.689026,260.03,382.0,47,-66.13661872583666,-376.2312422746326
2025-04-29T17:40:39.689030,260.16,380.0,47,-64.94101280684485,-374.40975528906995
2025-04-29T17:40:39.689033,260.26,380.0,47,-64.28744592967648,-374.52252842230854
2025-04-29T17:40:39.689036,260.39,380.0,47,-63.43751652015666,-374.66742785803365
2025-04-29T17:40:39.689040,260.5,380.0,47,-62.718090227057374,-374.78852858414797
2025-04-29T17:40:39.689043,260.62,379.0,47,-61.77001641246234,-373.9324338331781
2025-04-29T17:40:39.689047,260.73,380.0,47,-61.2130913613492,-375.0372747421076
2025-04-29T17:40:39.689050,260.84,380.0,47,-60.492959113113265,-375.1541041995132
2025-04-29T17:40:39.689054,260.96,380.0,47,-59.7071060932038,-375.27997745946277
2025-04-29T17:40:39.689057,261.07,380.0,47,-58.98651066491911,-375.39391518720356
2025-04-29T17:40:39.689061,261.2,379.0,47,-57.98163195165057,-374.5385565682435
2025-04-29T17:40:39.689064,261.31,379.0,47,-57.26246312835395,-374.6491829918676
2025-04-29T17:40:39.689068,261.44,380.0,47,-56.56110945628175,-375.76700347033466
2025-04-29T17:40:39.689071,261.55,380.0,47,-55.83958480362064,-375.87490042427584
2025-04-29T17:40:39.689075,261.66,379.0,47,-54.972807348440554,-374.9919871840347
2025-04-29T17:40:39.689078,261.78,379.0,47,-54.18730597240958,-375.1062994291784
2025-04-29T17:40:39.689081,261.89,378.0,47,-53.32598013291763,-374.21964117729533
2025-04-29T17:40:39.689085,262.01,377.0,47,-52.40309970083441,-373.3402136681025
2025-04-29T17:40:39.689088,262.12,376.0,47,-51.54914302556266,-372.44957491361174
2025-04-29T17:40:39.689092,262.25,376.0,47,-50.703949782919764,-372.56557741746775
2025-04-29T17:40:39.689095,262.36,376.0,47,-49.988582217638424,-372.66223533901365
2025-04-29T17:40:39.689098,262.46,376.0,47,-49.3380881104572,-372.7489142326303
2025-04-29T17:40:39.689102,262.59,376.0,47,-48.49222138031696,-372.859899245819
2025-04-29T17:40:39.689105,262.7,376.0,47,-47.77629283410787,-372.95231041385114
2025-04-29T17:40:39.689109,262.83,377.0,47,-47.0547823795186,-374.05193149510154
2025-04-29T17:40:39.689113,262.94,380.0,47,-46.705293951069244,-377.1188347417087
2025-04-29T17:40:39.689116,263.06,384.0,47,-46.398675791358784,-381.1865198099329
2025-04-29T17:40:39.689134,263.98,409.0,47,-42.89412470411654,-406.7445071121031
2025-04-29T17:40:39.689141,264.09,432.0,47,-44.4813740408687,-429.70386007509444
2025-04-29T17:40:39.689148,264.22,433.0,47,-43.607002262086056,-430.7985948836352
2025-04-29T17:40:39.689155,264.33,434.0,47,-42.878647203274156,-431.87662777003476
2025-04-29T17:40:39.689158,264.44,435.0,47,-42.14631316344281,-432.95344817512307
2025-04-29T17:40:39.689162,264.56,436.0,47,-41.33424913146864,-434.03626559164115
2025-04-29T17:40:39.689165,264.67,436.0,47,-40.500883657201406,-434.1148217038735
2025-04-29T17:40:39.689168,264.79,436.0,47,-39.591587537108616,-434.1986943742363
2025-04-29T17:40:39.689172,264.9,436.0,47,-38.75791343376888,-434.27390451909554
2025-04-29T17:40:39.689176,265.01,436.0,47,-37.92409647381165,-434.3475139869515
2025-04-29T17:40:39.689179,265.14,435.0,47,-36.853775131802045,-433.4360382553977
2025-04-29T17:40:39.689183,265.25,434.0,47,-35.93876206029684,-432.50942808402846
2025-04-29T17:40:39.689187,265.37,434.0,47,-35.03283827212899,-432.58374939726855
2025-04-29T17:40:39.689190,265.48,435.0,47,-34.28108012087917,-433.6471002390606
2025-04-29T17:40:39.689193,265.59,436.0,47,-33.52536783401608,-434.7091553114495
2025-04-29T17:40:39.689197,265.72,437.0,47,-32.6135892381022,-435.781314189822
2025-04-29T17:40:39.689200,265.83,438.0,47,-31.849605579172852,-436.8404773191824
2025-04-29T17:40:39.689204,265.95,440.0,47,-31.07587380971344,-438.90123042315884
2025-04-29T17:40:39.689207,266.06,442.0,47,-30.37061076284002,-440.9553560190556
2025-04-29T17:40:39.689210,266.17,443.0,47,-29.590778140910025,-442.01061734874133
2025-04-29T17:40:39.689214,266.29,444.0,47,-28.72967552211034,-443.06952698689884
2025-04-29T17:40:39.689217,266.4,445.0,47,-27.941781190544773,-444.12189415058083
2025-04-29T17:40:39.689221,266.53,446.0,47,-26.994555428272122,-445.1823154363052
2025-04-29T17:40:39.689224,266.64,446.0,47,-26.139817514749076,-445.23332078843293
2025-04-29T17:40:39.689227,266.75,447.0,47,-25.34167604082984,-446.2810767391349
2025-04-29T17:40:39.689231,266.87,449.0,47,-24.51613551850764,-448.33018981464784
2025-04-29T17:40:39.689235,266.98,451.0,47,-23.760727772336313,-450.3736535541671
2025-04-29T17:40:39.689238,267.11,452.0,47,-22.789220713064676,-451.425133792184
2025-04-29T17:40:39.689252,267.9,464.0,47,-17.002680839842377,-463.68837471329647
2025-04-29T17:40:39.689273,268.6,458.0,47,-11.189937593914937,-457.8632823197819
2025-04-29T17:40:39.689280,268.71,439.0,47,-9.883139054243998,-438.8887371104828
2025-04-29T17:40:39.689287,268.84,434.0,47,-8.786085331430556,-433.91105621376926
2025-04-29T17:40:39.689294,268.95,432.0,47,-7.9163703631163775,-431.9274604378309
2025-04-29T17:40:39.689298,269.06,433.0,47,-7.10352044758978,-432.9417281774196
2025-04-29T17:40:39.689361,270.92,600.0,47,9.633803480880033,-599.9226532066378
2025-04-29T17:40:39.689369,271.03,602.0,47,10.821505676095612,-601.9027288648077
2025-04-29T17:40:39.689376,271.15,608.0,47,12.202522780421804,-607.8775357239263
2025-04-29T17:40:39.689382,271.26,612.0,47,13.457498168612721,-611.8520211154342
2025-04-29T17:40:39.689386,271.37,614.0,47,14.679961663788694,-613.8244852769802
2025-04-29T17:40:39.689389,271.5,614.0,47,16.07264626103409,-613.7895975349921
2025-04-29T17:40:39.689393,271.73,615.0,47,18.56660911280771,-614.7196767845098
2025-04-29T17:40:39.689397,271.84,620.0,47,19.90729392070431,-619.6803205272495
2025-04-29T17:40:39.689404,272.08,624.0,47,22.6480020409189,-623.5888613530188
2025-04-29T17:40:39.689407,272.19,625.0,47,23.883377639925783,-624.5435007047217
2025-04-29T17:40:39.689411,272.31,623.0,47,25.110752782176874,-622.4937349843068
2025-04-29T17:40:39.689418,272.42,621.0,47,26.22135912620477,-620.4461623102964
2025-04-29T17:40:39.689421,272.53,622.0,47,27.45662367199083,-621.3937027493396
2025-04-29T17:40:39.689424,272.65,625.0,47,28.896710640205985,-624.3316267130604
2025-04-29T17:40:39.689456,274.04,715.0,47,50.37381475940154,-713.2233021898439
2025-04-29T17:40:39.689463,274.15,714.0,47,51.67064367605465,-712.1278990336652
2025-04-29T17:40:39.689470,274.26,712.0,47,52.88916994511049,-710.0329117037585
2025-04-29T17:40:39.689477,274.39,712.0,47,54.500045999155134,-709.9110824505348
2025-04-29T17:40:39.689480,274.5,716.0,47,56.17671254113717,-713.7928109529196
2025-04-29T17:40:39.689484,274.62,719.0,47,57.913192989014874,-716.6638417541499
2025-04-29T17:40:39.690666,313.89,1173.0,47,813.212815825277,-845.3483992872549
2025-04-29T17:40:39.690699,314.93,1203.0,47,849.6095588082748,-851.688087025766
2025-04-29T17:40:39.690713,315.4,1237.0,47,880.7762188908621,-868.5633265550165
2025-04-29T17:40:39.690720,315.51,1246.0,47,888.8624714627784,-873.1778208504161
2025-04-29T17:40:39.690724,315.62,1257.0,47,898.3990989010359,-879.1632721479024
2025-04-29T17:40:39.690731,315.98,1256.0,47,903.18617740511,-872.8062379155784
2025-04-29T17:40:39.690737,316.09,1250.0,47,900.5375990711198,-866.909472009173
2025-04-29T17:40:39.690758,316.91,1280.0,47,934.7603446650526,-874.4272971732254
2025-04-29T17:40:39.690785,317.84,1200.0,47,889.5280381878729,-805.4438957976117
2025-04-29T17:40:39.690793,317.95,1199.0,47,890.3301785511607,-803.0648623623489
2025-04-29T17:40:39.690797,318.06,1200.0,47,892.6141557684301,-802.0224242013517
2025-04-29T17:40:39.690800,318.19,1200.0,47,894.4315877609172,-799.9950842445751
2025-04-29T17:40:39.690804,318.3,1198.0,47,894.4725423778987,-796.9459648759245
2025-04-29T17:40:39.690808,318.42,1196.0,47,894.6436394884458,-793.74350915322
2025-04-29T17:40:39.690811,318.53,1195.0,47,895.4165653588535,-791.3622271001782
2025-04-29T17:40:39.690815,318.65,1196.0,47,897.8227133396402,-790.1457937693816
2025-04-29T17:40:39.690818,318.76,1197.0,47,900.0899836765116,-789.0798573561597
2025-04-29T17:40:39.690822,318.87,1197.0,47,901.6032485116239,-787.350355479241
2025-04-29T17:40:39.690825,319.0,1196.0,47,902.6326579464352,-784.6465986726469
2025-04-29T17:40:39.690829,319.11,1196.0,47,904.1374068551249,-782.912223384774
2025-04-29T17:40:39.690833,319.23,1195.0,47,905.0178131060105,-780.3638625415801
2025-04-29T17:40:39.690836,319.34,1199.0,47,909.5486929688549,-781.2311918495368
2025-04-29T17:40:39.690902,321.54,1085.0,47,849.6011811830003,-674.8354117356694
2025-04-29T17:40:39.690906,321.65,1082.0,47,848.5424999726902,-671.3416609596765
2025-04-29T17:40:39.690921,322.12,1078.0,47,850.863742836248,-661.9024785621302
2025-04-29T17:40:39.690925,322.23,1072.0,47,847.3900805741779,-656.592759131936
2025-04-29T17:40:39.690929,322.34,1063.0,47,841.5242333204226,-649.4659072918878
2025-04-29T17:40:39.690936,322.58,1057.0,47,839.4721037819138,-642.2893327558597
2025-04-29T17:40:39.690947,322.92,1050.0,47,837.6841615154996,-633.0760187734759
2025-04-29T17:40:39.690950,323.04,1039.0,47,830.2186245361323,-624.7063593988239
2025-04-29T17:40:39.690954,323.15,1035.0,47,828.2156105941467,-620.7124151877138
2025-04-29T17:40:39.690961,323.39,1032.0,47,828.4002309594898,-615.4486634531462
2025-04-29T17:40:39.690965,323.5,1023.0,47,822.3455684114135,-608.5037108466219
2025-04-29T17:40:39.690968,323.62,1021.0,47,822.0080092853133,-605.5937851982931
2025-04-29T17:40:39.690975,323.85,1024.0,47,826.8548152163736,-604.0588667948651
2025-04-29T17:40:39.691115,328.5,782.0,47,666.7646085249002,-408.5938776078719
2025-04-29T17:40:39.691205,330.77,781.0,47,681.5525481392611,-381.37530612885786
2025-04-29T17:40:39.691267,332.56,780.0,47,692.2452332240833,-359.4391980273359
2025-04-29T17:40:39.691278,332.9,771.0,47,686.3540723551786,-351.22512347704054
2025-04-29T17:40:39.691285,333.01,764.0,47,680.7895106370186,-346.72992689787935
2025-04-29T17:40:39.691289,333.12,769.0,47,685.9137062736288,-347.6828835964952
2025-04-29T17:40:39.691394,335.67,691.0,47,629.6306891587766,-284.6861346631481
2025-04-29T17:40:39.691401,335.78,685.0,47,624.704224774168,-281.01535820895236
2025-04-29T17:40:39.691405,335.9,676.0,47,617.0759038095367,-276.03139121781663
2025-04-29T17:40:39.691412,336.25,675.0,47,617.8352484056268,-271.85401565464775
2025-04-29T17:40:39.691420,336.36,677.0,47,620.1881977171269,-271.4693342025613
2025-04-29T17:40:39.691592,342.02,768.0,47,730.4942020847741,-237.07007554841073
2025-04-29T17:40:39.691599,342.25,768.0,47,731.4399741260377,-234.13578165351265
